Age,Experience,Income,Family,CCAvg,Education,Mortgage,Securities_Account,CD_Account,Online,CreditCard,Personal_Loan_reel,proba_acceptation,prediction
58,32,41,3,2.2,3,148,0,0,1,1,0,0.0,0
55,25,95,2,4.5,3,275,0,0,0,0,0,0.5874,1
40,16,41,1,2.0,2,0,0,0,0,1,0,0.0059,0
36,11,133,1,3.8,1,290,1,1,1,1,0,0.5808,1
37,12,60,4,2.1,3,217,0,0,1,0,0,0.0244,0
31,7,99,1,4.0,1,0,0,0,1,0,0,0.304,0
33,9,14,4,0.7,2,105,0,0,1,0,0,0.0,0
50,23,9,2,1.0,2,0,0,0,1,0,0,0.0012,0
36,11,162,1,8.6,1,153,1,0,1,0,0,0.0781,0
44,20,62,2,2.5,1,0,1,0,1,0,0,0.0,0
62,36,63,1,2.5,3,0,0,0,1,1,0,0.0034,0
54,28,82,4,2.6,3,294,0,0,0,0,0,0.0882,0
41,15,29,2,0.8,3,98,0,0,0,0,0,0.0,0
32,7,49,3,2.3,1,0,0,0,1,0,0,0.0,0
25,1,70,4,2.6,1,218,0,0,1,0,0,0.03,0
47,21,123,1,7.3,1,0,0,0,0,0,0,0.0154,0
45,20,55,4,1.9,3,164,1,0,0,0,0,0.0015,0
65,39,53,1,2.5,3,0,0,0,1,0,0,0.0131,0
54,29,34,4,0.1,3,0,0,0,1,0,0,0.0021,0
64,39,82,4,3.4,2,0,0,0,1,0,0,0.1603,0
57,32,68,2,3.7,1,184,0,0,0,0,0,0.2223,0
52,27,45,2,2.0,2,121,0,0,0,1,0,0.0,0
40,14,58,4,0.2,3,0,0,0,1,0,0,0.0,0
65,39,184,1,5.4,3,176,0,1,1,1,1,0.9669,1
57,32,165,4,2.7,3,0,0,0,1,0,1,0.9413,1
29,5,83,3,1.5,1,0,0,0,1,1,0,0.0064,0
30,4,30,3,1.0,1,0,0,0,1,0,0,0.0022,0
43,18,10,2,0.1,2,0,1,0,0,1,0,0.0,0
35,11,65,3,2.8,1,240,0,0,1,0,0,0.0429,0
38,12,29,4,0.2,1,0,0,0,0,1,0,0.018,0
45,19,93,4,2.6,3,0,0,0,0,0,0,0.2315,0
39,15,78,4,2.4,1,118,0,0,1,0,0,0.0025,0
61,35,80,2,2.8,1,0,0,0,1,0,0,0.0025,0
40,16,78,4,2.4,1,0,1,1,1,0,0,0.1149,0
59,33,113,2,2.0,1,77,0,0,1,0,0,0.0362,0
50,25,83,4,3.1,1,0,0,0,0,1,1,0.3904,0
46,20,54,1,0.7,3,154,0,0,1,1,0,0.0,0
65,40,98,3,1.8,2,333,0,0,0,0,0,0.2971,0
39,14,42,1,2.5,3,0,0,0,1,0,0,0.0151,0
33,9,145,2,4.33,1,277,0,0,0,1,0,0.1554,0
30,6,13,3,0.9,3,0,0,0,1,0,0,0.0014,0
45,21,158,2,6.67,1,132,0,0,1,1,0,0.0148,0
33,8,130,3,6.3,2,99,0,0,0,1,1,0.9903,1
26,0,102,4,2.3,3,0,0,0,0,0,0,0.1948,0
31,5,18,2,0.3,1,124,0,0,1,1,0,0.0009,0
32,7,61,3,2.3,1,205,0,0,1,1,0,0.0042,0
60,34,40,3,2.2,3,0,1,0,1,0,0,0.002,0
39,14,101,2,0.4,1,0,0,0,1,1,0,0.0193,0
62,37,98,1,0.9,1,151,0,0,1,0,0,0.0384,0
28,3,84,4,0.2,1,0,0,0,1,1,0,0.0049,0
29,5,138,2,4.33,1,0,0,0,1,0,0,0.0419,0
58,32,108,3,4.4,1,0,0,0,1,0,0,0.6335,1
52,28,44,4,0.9,2,107,0,0,1,0,0,0.0,0
41,17,53,2,2.5,1,102,0,0,1,0,0,0.0028,0
46,22,52,2,2.1,3,221,0,0,0,0,0,0.021,0
39,13,32,2,0.8,3,0,0,0,1,0,0,0.0,0
38,13,80,4,0.7,3,285,0,0,1,0,0,0.0618,0
51,25,93,1,0.3,1,0,0,0,1,0,0,0.0,0
33,7,115,1,2.7,2,283,0,0,1,0,0,0.7508,1
53,27,31,3,0.9,3,78,0,0,1,0,0,0.0,0
57,33,45,1,1.8,3,195,0,0,0,0,0,0.0,0
34,10,53,3,2.6,2,0,0,0,1,0,0,0.0046,0
64,39,73,3,2.4,1,0,0,0,1,0,0,0.0071,0
32,8,128,2,4.33,1,0,0,0,1,0,0,0.0888,0
32,8,65,1,1.2,1,268,0,0,1,0,0,0.0562,0
54,24,72,3,1.4,3,0,0,0,0,1,0,0.002,0
62,37,19,4,0.4,2,124,1,0,0,0,0,0.0036,0
31,5,65,4,2.2,2,126,0,0,1,0,0,0.0042,0
60,34,95,2,0.7,2,322,0,0,1,1,0,0.2179,0
55,30,82,4,1.3,3,219,0,0,0,1,0,0.019,0
48,22,14,2,0.1,3,0,0,0,1,0,0,0.0,0
67,41,18,2,0.4,1,0,0,0,1,0,0,0.0094,0
43,18,140,1,7.0,1,205,0,0,1,0,0,0.0253,0
63,39,58,1,0.0,2,0,0,0,1,0,0,0.0022,0
27,3,94,2,0.2,1,310,0,0,0,1,0,0.0819,0
52,28,81,3,1.8,2,0,1,0,0,0,0,0.0061,0
44,20,52,1,0.8,3,196,0,0,0,1,0,0.0015,0
55,31,159,1,3.9,3,0,0,0,0,0,1,0.9559,1
28,2,31,2,0.3,2,0,1,0,1,0,0,0.0022,0
44,19,61,3,2.7,2,0,0,0,0,0,0,0.0085,0
55,31,13,4,0.7,1,0,0,0,1,0,0,0.005,0
40,16,154,2,6.1,1,325,0,0,1,0,0,0.0567,0
35,11,34,1,1.5,2,0,0,0,0,0,0,0.0,0
58,34,84,4,1.6,2,0,0,0,1,0,0,0.0055,0
55,30,81,2,3.7,1,0,1,0,0,0,0,0.1663,0
31,7,18,1,0.4,3,0,0,0,1,0,0,0.0015,0
60,35,173,3,3.1,3,0,0,0,1,0,1,0.9889,1
29,3,50,3,1.1,2,0,0,0,0,1,0,0.0,0
28,4,114,2,0.2,1,0,0,0,1,0,0,0.0206,0
36,10,21,3,0.1,2,0,0,0,0,1,0,0.0015,0
65,41,185,3,2.0,2,0,0,0,0,0,1,0.7428,1
47,22,58,4,3.6,3,0,0,0,1,1,0,0.1433,0
41,16,30,2,1.4,2,0,0,0,0,1,0,0.0012,0
59,34,114,3,4.2,2,0,0,0,1,0,1,0.8913,1
37,11,65,2,2.4,2,260,0,0,1,0,0,0.0379,0
50,26,85,1,0.0,1,144,0,0,0,0,0,0.0139,0
59,33,18,2,0.2,3,0,0,0,0,0,0,0.0018,0
30,3,79,4,2.0,2,0,0,0,1,0,0,0.0016,0
52,28,25,4,1.0,1,0,0,0,0,0,0,0.0021,0
46,20,40,1,1.2,2,0,0,0,1,0,0,0.0,0
49,23,29,4,1.8,1,0,0,0,1,1,0,0.0,0
55,30,40,2,2.3,3,0,1,0,1,0,0,0.0093,0
38,12,29,2,1.4,3,0,0,0,1,0,0,0.0,0
64,38,21,1,0.8,2,76,0,0,0,1,0,0.0,0
35,9,25,3,0.1,2,0,1,0,1,0,0,0.0031,0
49,23,100,2,6.3,1,0,0,0,0,0,0,0.2562,0
34,7,82,4,2.0,2,0,0,0,1,1,0,0.0042,0
63,39,49,4,1.2,2,109,1,1,1,1,0,0.0224,0
30,5,61,1,0.8,2,251,1,1,1,0,0,0.1599,0
43,18,44,1,2.4,1,0,0,0,0,0,0,0.0014,0
27,2,45,2,1.7,2,0,0,0,0,1,0,0.0041,0
41,16,9,2,0.3,2,0,0,0,0,1,0,0.0,0
42,18,60,4,0.2,3,151,0,0,0,1,0,0.0042,0
28,2,19,4,0.4,1,0,0,0,1,1,0,0.0022,0
56,30,101,3,1.7,2,0,0,0,0,1,0,0.1634,0
35,9,105,2,4.5,3,0,0,0,0,0,0,0.8092,1
40,15,90,4,1.1,2,0,1,0,1,0,0,0.0119,0
40,15,52,3,0.8,3,113,0,0,1,0,0,0.0,0
43,17,69,4,2.9,1,0,0,0,1,1,0,0.0925,0
44,18,129,1,5.7,1,0,0,0,1,0,0,0.0378,0
53,28,18,4,0.8,1,0,0,0,0,0,0,0.0,0
42,17,63,2,2.2,3,0,0,0,1,0,0,0.0039,0
49,23,114,1,0.3,1,286,0,0,1,0,0,0.063,0
45,19,128,4,6.0,3,0,0,0,1,0,1,0.9944,1
42,17,139,2,2.9,3,0,0,0,1,0,1,0.9252,1
46,22,118,2,7.5,1,0,0,1,1,1,0,0.2015,0
42,18,142,1,3.4,1,496,0,0,1,0,0,0.0726,0
62,38,43,1,1.9,2,0,0,0,1,0,0,0.0022,0
50,26,190,3,2.1,3,240,0,0,1,0,1,0.9325,1
63,37,11,1,0.8,2,102,0,0,0,1,0,0.0,0
53,27,145,2,6.1,3,294,0,1,1,1,1,0.9641,1
50,26,48,1,1.6,2,0,0,0,0,1,0,0.0076,0
39,14,24,2,0.3,2,0,0,0,0,0,0,0.0,0
24,2,125,2,7.2,1,0,1,0,0,1,0,0.122,0
53,28,175,3,3.6,3,0,0,1,1,1,1,0.9807,1
60,36,59,1,0.0,2,0,1,0,0,0,0,0.0138,0
50,26,19,2,0.4,1,118,0,0,1,0,0,0.0,0
30,4,154,2,4.5,1,207,0,0,1,0,0,0.0757,0
43,19,70,3,2.33,1,0,0,0,1,0,0,0.0182,0
35,9,23,4,0.3,1,0,0,0,0,0,0,0.0,0
58,32,40,1,2.8,2,0,0,0,0,0,0,0.0186,0
36,12,22,4,1.0,1,91,1,0,1,0,0,0.0164,0
55,30,81,4,3.8,2,0,0,0,1,0,0,0.0844,0
41,17,81,1,0.8,2,223,0,0,1,0,0,0.0267,0
26,0,99,4,2.3,3,0,0,0,0,1,0,0.1703,0
59,35,108,4,3.8,2,304,0,0,1,0,1,0.8458,1
36,12,70,3,2.6,2,165,0,0,1,0,0,0.0363,0
48,24,48,2,2.1,3,0,0,0,1,0,0,0.0042,0
31,7,25,2,1.0,2,0,1,1,1,1,0,0.025,0
54,29,82,3,3.7,2,0,0,0,1,0,1,0.1689,0
48,22,85,3,1.1,1,203,0,0,1,0,0,0.0238,0
49,24,30,4,0.4,2,157,0,1,1,1,0,0.0511,0
62,36,29,2,0.7,3,0,0,0,0,0,0,0.0,0
58,32,12,3,0.3,3,0,0,0,0,0,0,0.0034,0
57,27,39,3,1.0,3,0,1,0,0,1,0,0.0025,0
42,17,72,4,1.1,2,203,0,0,0,1,0,0.0113,0
62,36,41,2,1.0,3,154,1,0,1,0,0,0.0,0
45,21,102,4,4.7,2,81,0,0,0,0,1,0.9727,1
26,0,54,3,1.1,2,0,0,0,1,0,0,0.0135,0
46,20,111,1,0.0,1,329,0,0,0,0,0,0.0558,0
46,21,34,2,1.3,1,116,0,0,0,0,0,0.0,0
29,4,55,4,2.0,2,0,1,0,1,0,0,0.002,0
54,27,51,3,1.0,2,113,1,1,1,1,0,0.0299,0
25,1,81,2,1.6,3,0,0,0,1,1,0,0.0022,0
50,25,24,4,0.4,2,137,0,0,1,0,0,0.0,0
60,34,25,4,0.7,3,0,0,0,1,0,0,0.0008,0
38,13,163,1,4.1,1,0,0,0,0,0,0,0.0228,0
33,3,69,4,1.8,3,0,0,0,1,0,0,0.002,0
56,30,78,3,1.7,2,0,0,0,0,0,0,0.0,0
55,31,103,3,1.8,2,364,0,0,0,0,0,0.3592,0
65,40,32,1,1.1,3,120,0,0,1,0,0,0.0,0
36,12,42,1,1.33,1,0,0,0,1,0,0,0.0035,0
39,13,41,2,0.3,1,108,0,0,1,1,0,0.0,0
29,3,190,2,4.5,1,0,0,0,1,0,0,0.0651,0
62,37,24,1,0.3,3,0,1,0,1,0,0,0.0061,0
52,28,49,4,1.1,2,0,0,0,1,0,0,0.0,0
60,34,61,4,1.7,2,229,0,0,0,0,0,0.0187,0
28,4,104,3,2.5,1,0,0,0,0,0,0,0.3093,0
31,6,81,2,2.5,1,313,0,0,0,0,0,0.0257,0
44,19,30,4,0.0,2,0,0,0,1,0,0,0.0,0
30,5,123,2,3.1,1,0,0,0,1,0,0,0.0498,0
40,16,45,3,0.6,2,204,0,0,1,0,0,0.0,0
45,20,29,4,1.9,3,0,0,0,0,0,0,0.0,0
30,4,44,1,1.5,1,109,0,0,0,0,0,0.0,0
30,5,73,3,2.6,3,0,0,0,1,0,0,0.0115,0
53,29,33,3,1.9,2,144,0,0,0,0,0,0.0,0
45,20,194,2,8.8,1,428,0,0,0,0,0,0.0947,0
28,3,120,1,0.8,1,170,0,0,0,0,0,0.0145,0
45,20,30,1,0.1,1,0,0,0,1,0,0,0.0,0
46,19,49,3,2.5,2,0,0,0,1,1,0,0.0,0
47,23,178,1,6.5,3,0,0,0,0,0,1,0.9629,1
35,8,30,4,1.0,2,0,1,0,0,0,0,0.0062,0
38,14,25,4,0.4,2,101,0,0,1,0,0,0.0,0
58,32,59,1,1.6,1,0,0,0,1,0,0,0.0,0
41,17,78,4,0.8,1,78,0,0,1,0,0,0.0038,0
65,41,105,4,1.7,2,230,1,0,1,0,0,0.192,0
47,21,49,3,2.2,2,0,1,0,0,0,0,0.0,0
39,13,58,2,2.4,2,0,0,0,1,0,0,0.0042,0
53,27,50,2,0.8,3,0,0,0,1,0,0,0.0021,0
52,28,168,3,6.5,3,118,0,0,1,0,1,0.9957,1
34,10,54,3,2.0,1,0,0,0,0,0,0,0.0,0
31,6,19,4,1.1,3,104,0,1,1,1,0,0.0594,0
27,3,84,3,1.5,1,0,0,0,1,1,0,0.0055,0
44,20,22,1,1.0,1,91,0,0,0,0,0,0.0,0
25,1,113,3,2.5,1,0,0,0,0,1,0,0.4572,0
27,3,32,3,1.0,2,0,0,0,0,0,0,0.0021,0
25,1,54,4,1.6,1,0,0,0,1,1,0,0.0,0
57,32,25,2,0.2,3,0,0,0,1,1,0,0.0021,0
24,2,150,2,2.0,1,0,0,0,1,0,0,0.021,0
34,9,65,4,1.3,1,0,0,0,0,1,0,0.0032,0
55,30,55,4,0.9,1,215,0,0,1,1,0,0.0101,0
38,14,49,1,1.8,1,0,0,0,0,0,0,0.0,0
56,30,44,4,2.5,1,0,0,0,0,1,0,0.0045,0
35,10,30,3,1.3,1,0,1,1,1,1,0,0.0328,0
64,40,88,1,3.8,1,243,0,0,1,1,0,0.3273,0
54,30,70,1,1.6,3,251,0,0,1,1,0,0.0234,0
40,16,73,4,2.67,1,0,0,0,1,1,0,0.0,0
31,5,35,1,0.6,3,171,0,0,0,0,0,0.0062,0
34,8,20,2,0.3,1,106,0,0,1,1,0,0.0017,0
53,27,44,4,1.5,3,0,0,0,0,0,0,0.0,0
52,28,31,4,0.2,1,141,0,0,1,1,0,0.0,0
30,4,40,4,2.1,3,0,0,0,1,1,0,0.0073,0
48,23,128,1,0.6,1,0,0,0,1,1,0,0.025,0
30,5,125,4,0.5,3,0,0,1,1,0,1,0.913,1
40,15,43,4,1.7,1,98,0,0,0,0,0,0.0,0
58,32,73,2,0.7,2,0,0,0,1,1,0,0.0055,0
35,9,24,4,0.3,1,0,0,0,1,0,0,0.0014,0
52,27,113,1,0.1,3,0,0,0,0,0,0,0.6474,1
37,13,89,2,1.7,2,0,0,0,1,0,0,0.0012,0
65,41,51,2,1.1,1,0,0,0,1,0,0,0.0173,0
37,11,69,3,2.1,1,0,1,0,0,0,0,0.0112,0
65,39,105,4,1.7,3,0,1,0,1,0,0,0.1059,0
51,24,78,1,2.67,2,0,0,0,1,0,0,0.0017,0
41,17,140,1,3.5,1,342,0,0,0,0,0,0.0623,0
40,16,19,4,0.4,2,0,0,0,1,1,0,0.0,0
25,0,91,2,1.8,2,321,0,0,0,0,0,0.0883,0
35,10,24,4,1.1,3,0,0,0,0,0,0,0.0076,0
56,31,64,4,0.9,1,0,0,0,1,0,0,0.0039,0
50,25,35,3,1.7,2,0,0,0,1,1,0,0.0,0
57,31,51,4,1.7,2,103,0,0,1,0,0,0.0,0
57,32,50,4,2.1,1,211,0,0,0,0,0,0.0077,0
60,34,44,2,0.3,1,192,0,0,1,0,0,0.0023,0
63,37,139,2,6.9,1,0,0,0,0,0,0,0.0574,0
27,3,72,4,0.0,1,0,0,0,1,0,0,0.0037,0
62,38,158,2,2.1,1,0,0,0,0,1,0,0.0785,0
63,39,64,1,1.8,3,147,0,0,1,1,0,0.0,0
30,6,95,1,3.9,3,146,0,0,0,1,1,0.7475,1
45,20,180,3,8.5,2,535,0,0,0,0,1,0.9943,1
47,22,122,1,5.1,3,163,1,0,0,0,1,0.8318,1
55,29,65,3,2.5,1,0,0,0,0,0,0,0.0,0
31,7,32,1,1.7,1,0,0,0,1,0,0,0.0,0
31,7,84,1,0.1,1,0,0,0,1,0,0,0.0,0
50,26,12,1,0.2,1,96,0,0,0,0,0,0.0036,0
58,34,63,4,1.5,1,0,0,0,1,0,0,0.0018,0
66,36,55,4,1.67,3,0,0,0,0,1,0,0.0042,0
35,10,79,4,2.1,3,182,0,0,1,0,0,0.0,0
36,12,51,3,2.0,1,214,0,0,1,0,0,0.0187,0
25,1,98,1,5.4,1,0,0,0,1,0,0,0.179,0
67,42,32,1,1.1,3,0,0,0,0,1,0,0.0039,0
49,25,20,4,1.0,1,111,0,0,1,1,0,0.0,0
39,15,128,1,3.4,1,0,0,0,0,0,0,0.0365,0
63,37,31,1,0.5,3,0,0,0,1,0,0,0.0022,0
51,27,52,2,1.0,3,0,0,0,0,0,0,0.0067,0
57,31,30,3,1.4,1,0,0,0,0,0,0,0.0016,0
60,34,90,4,1.9,2,0,0,0,1,0,0,0.0103,0
42,18,131,1,3.4,1,0,0,0,0,1,0,0.0287,0
63,37,20,2,0.4,1,76,0,0,0,0,0,0.0,0
39,13,139,3,3.4,1,483,0,0,1,0,1,0.8299,1
29,3,53,4,2.1,3,0,0,0,1,0,0,0.0021,0
50,26,52,4,0.1,3,0,0,0,0,0,0,0.0,0
50,24,83,2,0.4,3,0,0,0,1,0,0,0.0202,0
58,33,42,4,1.7,1,0,0,0,0,0,0,0.0007,0
57,32,34,2,2.0,2,0,1,0,0,0,0,0.0074,0
27,2,41,2,1.7,2,0,0,0,1,0,0,0.0022,0
37,11,84,4,2.2,2,0,0,0,1,1,0,0.0066,0
42,17,115,2,0.4,1,0,0,0,1,0,0,0.0142,0
59,35,31,3,0.4,2,0,0,0,1,1,0,0.0014,0
65,41,115,4,1.7,2,0,0,0,0,0,0,0.5608,1
37,11,44,4,0.2,1,0,0,0,0,1,0,0.0103,0
56,30,60,1,2.2,3,0,0,0,0,0,0,0.0021,0
47,23,88,4,1.4,2,0,0,0,0,0,0,0.0012,0
59,34,24,2,0.2,3,86,0,0,1,0,0,0.0,0
44,20,33,4,0.3,1,142,0,0,0,1,0,0.0015,0
57,32,70,3,1.6,3,0,0,0,0,0,0,0.0,0
58,34,19,4,0.7,1,0,0,0,0,0,0,0.0007,0
34,8,10,1,0.4,2,0,0,0,1,0,0,0.0014,0
42,17,85,1,3.7,3,0,0,0,1,0,0,0.2463,0
38,13,81,1,4.0,3,206,1,0,1,0,0,0.1429,0
56,31,84,1,0.1,3,0,0,0,1,0,0,0.0079,0
52,28,65,1,0.0,1,0,0,0,1,1,0,0.0021,0
57,32,52,3,0.5,2,0,0,0,1,0,0,0.0025,0
49,24,51,1,1.3,2,98,0,0,0,1,0,0.0,0
54,29,72,2,3.7,1,144,0,0,1,0,0,0.2169,0
54,28,81,3,0.8,1,0,0,0,0,0,0,0.0,0
29,3,92,2,1.3,1,287,0,0,1,0,0,0.0444,0
30,5,13,4,0.5,3,0,0,0,0,0,0,0.0066,0
45,21,61,3,0.7,1,0,1,1,1,1,0,0.0482,0
43,19,35,1,0.3,3,120,1,0,1,0,0,0.0,0
59,34,19,2,0.5,2,0,0,0,1,0,0,0.0,0
59,34,52,4,0.7,1,0,1,0,0,0,0,0.0007,0
54,28,33,2,0.4,3,0,0,0,1,0,0,0.0,0
38,12,184,3,8.0,1,0,0,0,1,0,1,0.7506,1
32,8,128,2,4.33,1,0,0,1,1,1,0,0.4665,0
62,38,30,3,0.1,3,128,0,0,1,0,0,0.0,0
35,8,43,2,1.67,2,0,0,0,0,0,0,0.0062,0
30,5,122,2,3.1,1,0,0,0,0,0,0,0.0564,0
32,6,78,1,2.9,3,0,0,0,0,0,0,0.1447,0
60,34,101,3,4.4,1,0,0,0,1,1,0,0.5444,1
60,34,105,2,1.4,1,0,0,0,1,0,0,0.0339,0
43,17,98,3,1.1,1,0,0,0,0,0,0,0.0757,0
56,30,45,4,1.5,3,0,0,0,0,0,0,0.0,0
56,29,51,3,1.0,2,0,0,0,1,0,0,0.0,0
54,29,29,1,1.5,2,97,0,0,1,0,0,0.0077,0
33,6,78,4,2.0,2,119,1,0,1,0,0,0.0017,0
59,33,81,2,1.4,1,0,0,0,1,0,0,0.0,0
35,11,68,2,0.0,1,126,0,0,0,1,0,0.0,0
51,25,45,4,2.6,1,0,0,0,0,0,0,0.0,0
50,24,45,4,0.1,1,93,0,0,1,0,0,0.002,0
59,34,94,3,0.5,1,0,0,0,0,1,0,0.1494,0
56,30,81,4,2.6,3,0,0,0,1,0,0,0.0038,0
37,13,29,4,0.4,2,155,0,0,1,0,0,0.0,0
47,23,32,1,1.0,1,0,0,0,0,1,0,0.0,0
58,34,125,1,4.3,1,219,0,0,0,0,0,0.1419,0
41,17,153,1,1.7,1,337,0,0,0,1,0,0.1046,0
40,15,43,2,1.1,2,0,0,0,0,1,0,0.0097,0
30,4,23,4,0.3,2,121,0,0,0,0,0,0.0019,0
26,0,164,2,4.0,3,301,0,0,1,0,1,0.9227,1
65,40,128,1,2.5,1,162,0,0,1,0,0,0.0499,0
41,17,141,2,7.6,1,92,0,0,0,0,0,0.0174,0
38,13,19,2,1.4,2,120,0,0,0,1,0,0.0019,0
25,0,13,2,0.9,3,0,0,0,1,0,0,0.0,0
36,10,74,1,2.5,1,0,0,0,0,1,0,0.001,0
61,36,18,1,1.3,1,0,0,0,0,0,0,0.0,0
51,25,148,1,1.0,1,0,0,0,0,0,0,0.0161,0
41,16,104,1,1.0,3,0,0,0,1,0,0,0.1128,0
46,20,70,4,2.9,1,0,0,0,0,1,0,0.0437,0
64,38,32,3,0.7,2,0,0,0,1,1,0,0.0,0
43,16,65,3,2.67,2,100,0,0,0,0,0,0.0067,0
51,25,34,3,0.9,3,111,0,0,1,0,0,0.0,0
47,23,25,1,0.9,3,0,0,0,1,0,0,0.0,0
55,30,84,2,0.0,3,0,0,0,0,0,0,0.0148,0
60,35,125,2,3.9,1,0,0,0,0,0,0,0.0796,0
51,25,60,4,2.6,1,97,0,0,1,0,0,0.002,0
61,36,13,3,0.5,1,0,0,0,1,0,0,0.0024,0
42,18,89,4,0.8,1,184,0,0,0,0,0,0.0231,0
37,13,158,2,2.3,2,0,0,1,1,1,1,0.9715,1
63,37,20,1,0.8,2,0,1,0,0,1,0,0.0056,0
37,13,82,2,2.2,1,0,0,0,0,0,0,0.0021,0
57,32,75,2,3.7,1,236,0,0,1,0,0,0.2297,0
51,25,62,2,1.5,2,0,0,0,1,1,0,0.0021,0
63,38,14,4,0.4,2,86,0,0,1,1,0,0.0,0
38,14,82,4,2.67,1,0,0,0,0,0,0,0.0038,0
43,19,52,4,2.2,2,0,0,0,0,0,0,0.0045,0
51,26,20,2,0.0,1,0,0,0,0,0,0,0.0,0
57,31,53,1,0.8,2,120,0,0,0,0,0,0.0021,0
59,33,64,4,1.7,2,0,0,0,0,1,0,0.0021,0
54,30,100,4,3.4,3,0,0,0,0,0,1,0.8563,1
53,29,20,1,0.2,1,131,0,0,1,1,0,0.0,0
52,25,44,3,1.0,2,135,0,0,1,0,0,0.0,0
56,30,79,3,0.8,1,302,0,0,0,0,0,0.0903,0
63,39,49,1,0.8,1,103,0,0,1,0,0,0.0,0
46,20,64,4,2.9,1,189,0,0,0,0,0,0.0948,0
63,37,90,4,1.9,2,106,1,0,1,0,0,0.009,0
28,3,45,2,1.6,3,0,0,0,1,1,0,0.0,0
47,23,138,2,3.3,1,0,0,0,1,1,0,0.0214,0
60,35,43,3,0.9,3,175,0,0,0,0,0,0.0,0
42,17,60,1,2.4,1,98,0,0,1,0,0,0.005,0
48,22,162,3,1.4,1,400,0,0,0,0,1,0.8483,1
31,4,60,4,2.0,2,0,0,0,1,1,0,0.0036,0
26,0,149,2,7.2,1,154,0,0,0,0,0,0.0756,0
55,30,58,4,0.9,1,0,0,0,1,1,0,0.0018,0
42,17,168,2,7.9,2,0,0,0,1,0,1,0.9449,1
28,2,188,2,4.5,1,0,1,0,1,0,0,0.086,0
41,16,18,1,0.6,3,0,0,0,0,1,0,0.0,0
52,22,22,4,0.4,3,0,0,0,1,1,0,0.0,0
59,34,33,3,0.2,1,0,1,0,0,0,0,0.0098,0
46,22,164,2,7.6,1,0,0,1,1,1,0,0.2152,0
32,6,22,4,0.3,1,0,0,0,0,0,0,0.0,0
54,29,129,4,4.2,3,0,0,0,0,0,1,0.9864,1
55,29,140,2,2.7,1,0,0,0,1,0,0,0.047,0
31,7,109,2,2.0,2,341,0,0,0,1,0,0.4522,0
59,33,83,3,4.4,1,0,0,0,1,0,0,0.3095,0
40,14,61,4,0.2,3,0,0,0,1,0,0,0.0,0
43,19,152,3,6.1,2,0,0,0,0,0,1,0.9996,1
50,26,148,2,6.8,1,0,0,0,1,0,0,0.0147,0
54,24,61,4,2.0,3,0,1,0,1,0,0,0.0102,0
62,37,125,1,1.0,3,0,0,0,1,0,1,0.6792,1
44,20,69,1,0.8,3,184,0,1,1,1,0,0.0591,0
53,29,120,4,2.7,2,111,1,1,1,0,1,0.9353,1
43,19,60,3,2.1,3,0,0,0,1,0,0,0.0,0
30,4,11,1,0.1,2,0,0,0,1,1,0,0.0028,0
51,25,30,3,0.6,2,144,0,0,0,1,0,0.0,0
65,40,75,3,2.2,1,0,0,0,1,0,0,0.0146,0
53,29,85,3,1.8,2,0,0,0,1,0,0,0.006,0
36,11,14,4,0.2,3,100,0,0,1,1,0,0.0,0
41,15,185,1,3.6,2,0,0,0,0,0,1,0.9351,1
65,41,45,3,0.1,3,0,0,0,1,0,0,0.0003,0
35,11,25,2,1.0,2,0,0,0,0,0,0,0.0,0
34,8,8,3,0.1,2,83,0,0,1,0,0,0.0,0
49,24,91,1,2.8,2,0,0,0,0,0,0,0.0507,0
30,4,80,4,1.8,2,0,0,0,0,0,0,0.0068,0
59,35,161,1,2.9,1,160,0,0,0,1,0,0.0734,0
47,22,22,1,0.4,3,0,0,0,1,0,0,0.0,0
29,4,73,1,0.8,2,0,0,0,1,0,0,0.0076,0
57,33,155,1,7.4,1,0,0,0,1,0,0,0.0173,0
45,20,41,1,0.3,1,0,0,0,1,0,0,0.0,0
39,13,59,4,0.2,3,0,1,0,0,1,0,0.008,0
57,31,55,3,2.5,1,219,0,1,1,1,0,0.0598,0
56,32,122,2,0.3,1,360,0,1,1,1,0,0.4721,0
48,23,19,1,0.1,1,0,0,0,1,0,0,0.0,0
58,33,51,2,1.9,2,0,0,0,0,0,0,0.0,0
50,24,44,4,1.8,1,0,0,0,1,1,0,0.0,0
48,18,182,4,6.0,3,0,0,0,1,0,1,1.0,1
52,28,39,2,0.8,1,0,0,0,1,0,0,0.0,0
29,5,123,2,0.6,1,0,0,0,1,0,0,0.0041,0
52,27,45,1,1.3,2,0,0,0,0,0,0,0.0048,0
26,0,150,2,7.2,1,0,0,0,0,1,0,0.0899,0
51,26,113,1,1.3,3,161,0,0,1,0,0,0.7832,1
31,7,108,1,4.0,1,0,0,0,1,0,0,0.085,0
47,20,79,3,2.0,2,185,1,0,0,0,0,0.0055,0
62,37,83,3,1.8,2,187,1,0,0,0,0,0.0081,0
33,9,20,4,0.7,2,0,0,0,1,0,0,0.0018,0
46,22,134,2,3.3,1,0,0,0,0,0,0,0.0336,0
27,1,58,4,1.8,2,154,0,1,1,1,0,0.1012,0
41,15,59,4,0.2,3,0,0,0,0,0,0,0.0,0
43,19,113,2,1.8,2,0,0,0,0,1,0,0.6648,1
33,9,48,1,2.1,3,0,0,0,0,1,0,0.0024,0
27,3,68,4,0.0,1,0,0,0,0,1,0,0.0026,0
59,35,75,4,2.3,3,0,1,0,0,0,0,0.0053,0
51,26,62,4,1.8,3,119,0,0,1,0,0,0.0,0
43,18,89,3,0.5,3,0,0,0,1,1,0,0.0038,0
31,5,30,4,0.3,2,0,0,0,1,0,0,0.0,0
58,32,62,3,2.2,3,217,0,1,1,1,0,0.0814,0
43,19,201,2,6.67,1,0,1,0,1,0,0,0.033,0
62,38,44,1,1.9,2,0,0,0,0,1,0,0.0019,0
41,17,114,2,1.8,2,0,0,0,1,0,0,0.7608,1
29,3,103,4,3.4,1,0,0,0,1,0,1,0.6959,1
55,31,91,2,2.8,1,0,0,0,0,0,0,0.0062,0
61,31,18,1,1.5,3,0,0,0,1,1,0,0.002,0
26,1,54,4,0.6,2,230,0,0,0,0,0,0.022,0
27,2,158,3,0.4,2,0,0,1,1,0,1,0.8916,1
46,22,125,2,4.7,3,0,0,0,1,0,1,0.9761,1
36,11,110,1,3.8,1,0,0,0,1,1,0,0.0659,0
60,34,44,1,0.2,1,0,0,0,0,1,0,0.0021,0
37,13,79,1,3.6,2,104,0,0,1,0,0,0.3403,0
27,1,64,4,1.8,2,0,0,0,1,1,0,0.0038,0
58,32,12,4,0.7,3,0,0,0,1,0,0,0.0028,0
52,27,195,1,8.1,1,0,0,0,0,0,0,0.0421,0
45,19,23,2,0.1,3,91,0,1,1,1,0,0.037,0
61,37,48,1,0.8,1,158,0,0,1,0,0,0.0,0
50,26,21,4,1.0,1,0,0,0,1,0,0,0.0,0
30,5,40,4,1.7,2,0,0,0,1,0,0,0.0,0
60,34,43,1,1.4,1,0,0,0,1,1,0,0.0,0
64,38,168,4,5.7,3,0,0,0,1,0,1,0.9896,1
26,1,39,4,0.6,2,0,0,0,0,1,0,0.0021,0
50,25,82,1,1.3,3,0,0,0,1,0,0,0.0042,0
35,9,82,1,2.5,1,138,0,0,0,0,0,0.0023,0
41,15,55,1,2.8,1,0,0,0,0,0,0,0.0,0
61,37,33,3,0.1,3,0,0,0,1,0,0,0.0022,0
34,10,81,4,3.4,1,0,0,0,1,0,0,0.2675,0
27,1,41,1,1.9,3,0,0,0,0,1,0,0.0037,0
51,25,33,3,0.9,3,0,0,0,1,1,0,0.0,0
28,2,140,2,2.0,1,0,0,0,1,0,0,0.0265,0
31,1,51,2,1.75,3,0,0,0,0,0,0,0.0036,0
32,8,43,1,2.1,3,0,0,0,0,1,0,0.0,0
27,0,34,1,2.0,2,112,0,0,0,1,0,0.013,0
35,10,64,3,2.3,1,0,0,1,1,1,0,0.0422,0
60,35,155,1,1.5,3,0,0,0,0,1,1,0.7781,1
28,3,11,4,0.5,3,0,0,0,0,0,0,0.0066,0
51,25,99,2,2.4,2,0,0,0,0,0,0,0.2066,0
55,29,35,3,1.4,1,0,0,0,0,0,0,0.0,0
28,4,101,3,2.5,1,270,0,0,0,0,0,0.2719,0
49,25,65,1,0.0,1,0,0,0,1,0,0,0.0018,0
49,25,149,2,0.4,1,0,0,0,1,0,0,0.0174,0
54,30,21,1,0.1,2,76,0,0,1,0,0,0.008,0
33,9,131,3,2.2,3,0,1,0,0,0,1,0.911,1
41,14,38,3,1.0,2,150,0,0,1,0,0,0.0,0
41,16,73,3,3.0,1,0,0,0,1,0,0,0.2778,0
53,28,173,4,2.7,1,427,0,0,1,0,1,0.8084,1
58,34,58,4,2.3,3,169,0,0,1,0,0,0.0,0
49,25,195,4,3.0,1,617,0,0,0,0,1,0.8337,1
44,20,85,2,3.2,1,0,0,0,1,0,0,0.4675,0
50,25,58,1,1.3,2,0,0,0,1,0,0,0.0065,0
51,26,145,1,8.1,1,397,0,0,0,1,0,0.111,0
43,19,31,3,0.5,1,0,0,0,0,0,0,0.0017,0
46,20,69,3,2.1,1,0,0,0,0,0,0,0.0018,0
31,5,78,2,0.2,1,0,0,0,0,1,0,0.0018,0
32,7,129,4,5.2,2,0,0,0,0,1,1,0.9974,1
63,37,124,3,5.0,2,170,0,0,0,0,1,0.9518,1
37,13,64,1,1.5,3,0,0,0,1,0,0,0.0039,0
33,8,64,4,2.1,3,164,0,0,1,0,0,0.0017,0
43,17,59,3,0.9,3,87,0,0,1,1,0,0.0019,0
58,32,191,1,2.9,1,0,0,0,0,0,0,0.0482,0
51,27,93,1,2.7,1,0,0,0,1,0,0,0.0153,0
57,32,63,4,0.7,1,0,0,0,1,0,0,0.009,0
55,30,70,3,2.0,2,0,0,0,1,1,0,0.0,0
40,14,64,4,0.2,3,0,0,0,1,1,0,0.0017,0
35,10,179,1,8.6,1,357,0,0,0,0,0,0.0881,0
55,31,134,2,0.3,1,0,0,0,0,0,0,0.0631,0
50,24,102,2,6.3,1,0,0,0,1,0,0,0.1677,0
27,1,83,4,2.1,3,0,0,0,1,1,0,0.0209,0
45,19,40,1,0.2,1,0,1,1,1,1,0,0.0212,0
28,2,111,4,2.3,3,0,0,0,1,0,0,0.4869,0
43,18,60,2,2.2,3,0,0,0,0,1,0,0.002,0
45,19,70,3,2.1,1,0,0,0,1,0,0,0.0053,0
55,31,124,2,0.3,1,0,0,0,1,0,0,0.062,0
48,22,65,2,1.5,2,0,0,0,1,0,0,0.0049,0
49,24,18,1,0.4,3,121,0,0,1,0,0,0.0,0
62,36,42,1,0.5,3,128,0,0,1,0,0,0.0,0
38,13,129,4,0.3,3,75,0,0,1,0,1,0.9046,1
39,14,74,3,3.0,1,0,0,0,0,0,0,0.2031,0
56,30,45,1,0.2,1,98,0,0,0,0,0,0.0058,0
43,19,28,3,0.5,1,0,0,0,1,1,0,0.0046,0
47,22,53,1,0.3,1,213,0,0,0,0,0,0.0028,0
32,6,81,1,2.5,1,0,0,0,1,0,0,0.0,0
40,14,42,2,0.3,1,106,0,0,0,1,0,0.0,0
63,38,134,3,4.0,2,0,0,0,0,1,1,0.9323,1
47,21,90,2,0.8,3,0,0,0,0,0,0,0.0093,0
52,28,38,4,0.9,2,95,0,0,1,1,0,0.0,0
28,3,52,4,2.2,1,230,0,0,1,0,0,0.0239,0
53,29,61,4,1.6,2,0,0,0,1,0,0,0.0017,0
25,1,43,3,2.4,2,176,0,0,1,0,0,0.022,0
59,35,180,2,6.5,2,0,1,1,1,1,1,0.9818,1
29,3,123,3,5.6,3,428,0,0,1,0,1,0.9815,1
52,27,58,4,1.8,3,91,0,0,0,0,0,0.0017,0
44,18,123,3,5.9,1,0,0,1,1,1,1,0.9249,1
38,14,42,1,2.0,2,81,0,0,1,0,0,0.0,0
47,21,15,4,0.6,3,77,0,0,1,0,0,0.0,0
41,15,63,1,0.7,3,79,0,0,0,1,0,0.0,0
43,18,9,2,0.0,3,96,0,0,1,1,0,0.0019,0
56,30,64,3,2.5,1,0,0,0,0,0,0,0.0,0
34,9,164,1,6.0,3,0,0,0,1,0,1,0.9844,1
55,29,81,3,1.7,2,171,0,0,1,0,0,0.0,0
47,23,105,2,3.3,1,0,0,0,0,0,0,0.1979,0
37,12,125,2,3.9,1,0,0,0,1,1,0,0.0317,0
30,4,25,2,0.3,2,0,0,0,0,0,0,0.002,0
54,24,72,3,1.4,3,218,0,0,0,1,0,0.0074,0
59,35,40,4,0.4,1,135,0,0,1,0,0,0.0076,0
43,17,82,1,5.2,1,79,0,0,1,0,0,0.1936,0
51,27,20,4,0.5,2,0,0,0,1,0,0,0.0,0
38,14,74,2,0.0,1,0,1,0,1,0,0,0.0041,0
54,29,70,3,2.0,2,116,0,0,1,1,0,0.0032,0
33,8,140,1,4.6,1,0,0,0,1,0,0,0.0373,0
29,5,21,4,0.4,2,89,0,0,0,1,0,0.0019,0
30,5,51,1,1.0,1,0,0,0,1,0,0,0.0,0
52,27,43,4,0.2,2,0,0,0,0,1,0,0.0077,0
53,27,38,4,2.8,2,144,1,0,1,0,0,0.0204,0
30,0,63,2,1.75,3,0,0,0,1,0,0,0.0178,0
51,25,34,3,0.6,2,128,0,0,1,0,0,0.0,0
31,6,175,2,6.7,1,0,0,0,1,0,0,0.0264,0
48,24,43,3,1.9,2,0,0,0,1,0,0,0.0,0
33,8,58,2,0.1,1,0,1,1,1,1,0,0.0198,0
29,5,149,1,1.5,1,0,0,0,1,0,0,0.0401,0
49,24,68,1,0.2,2,163,0,0,0,0,0,0.0,0
42,16,173,2,1.5,2,373,0,1,1,1,1,0.9655,1
47,23,19,1,1.0,1,0,0,0,0,1,0,0.0,0
54,29,44,2,2.3,3,0,0,0,1,0,0,0.0036,0
46,20,158,3,5.4,1,432,0,0,0,1,1,0.9202,1
53,29,69,4,1.0,2,0,0,0,1,0,0,0.0018,0
27,3,112,3,2.5,1,389,1,0,1,0,0,0.4699,0
42,18,29,1,0.3,3,0,0,0,1,0,0,0.0,0
38,13,78,4,0.7,3,0,0,0,1,0,0,0.0035,0
44,20,132,3,2.6,1,308,0,0,0,0,1,0.8567,1
27,3,20,4,1.0,1,0,0,0,0,0,0,0.0,0
56,30,31,2,0.3,1,109,1,1,1,1,0,0.008,0
56,30,32,2,0.4,3,0,0,0,1,0,0,0.0,0
38,14,48,1,1.8,1,169,0,0,0,0,0,0.0,0
36,12,93,2,2.2,1,0,0,0,1,1,0,0.0299,0
37,7,73,4,1.8,3,0,0,0,1,1,0,0.004,0
49,25,13,1,0.9,3,0,0,0,1,0,0,0.0043,0
47,23,33,1,1.0,1,0,0,0,1,1,0,0.0,0
39,15,141,2,8.0,1,0,0,0,1,0,0,0.0124,0
39,15,118,2,1.9,1,0,0,0,0,1,0,0.0527,0
35,11,180,1,3.6,3,571,0,1,1,1,1,0.981,1
38,14,182,3,2.6,3,0,0,1,1,1,1,0.9637,1
64,40,75,3,2.0,3,0,0,0,1,0,0,0.0048,0
59,35,33,4,0.4,1,131,0,0,0,1,0,0.0038,0
35,10,105,1,4.6,1,0,0,0,0,0,0,0.1662,0
54,29,79,3,1.6,3,0,0,0,0,0,0,0.0,0
35,9,83,2,4.5,3,0,0,0,1,0,0,0.3116,0
38,14,60,2,0.6,3,0,0,0,1,1,0,0.0,0
35,10,104,3,0.6,2,0,0,0,0,1,0,0.1722,0
55,31,23,2,0.3,1,0,0,0,1,1,0,0.0012,0
59,35,102,4,3.0,2,115,0,0,1,0,1,0.6766,1
65,40,21,3,0.1,3,0,0,0,0,1,0,0.0042,0
52,26,158,2,3.7,3,251,0,0,0,1,1,0.8742,1
39,13,75,3,2.1,1,224,0,0,1,0,0,0.0203,0
52,25,180,2,9.0,2,297,0,0,1,0,1,0.9542,1
33,9,49,1,2.4,2,0,0,0,1,0,0,0.0017,0
50,25,14,2,0.7,3,0,1,0,1,0,0,0.0021,0
39,14,108,3,1.2,3,0,0,0,1,1,0,0.4725,0
39,13,69,3,0.1,1,0,0,0,0,0,0,0.0097,0
48,23,79,1,0.2,2,0,0,0,0,0,0,0.0012,0
30,5,74,4,2.2,1,0,1,0,0,1,0,0.0041,0
28,2,13,4,0.4,1,0,0,0,0,1,0,0.0021,0
38,14,74,1,3.6,2,0,0,0,1,1,0,0.2607,0
38,12,180,1,2.8,3,158,0,0,1,0,1,0.9288,1
41,17,42,4,2.2,2,185,1,0,1,0,0,0.0025,0
53,29,90,2,0.3,1,217,1,0,0,1,0,0.0127,0
61,36,119,2,5.4,2,0,0,0,1,0,1,0.9511,1
58,34,10,4,0.7,1,0,0,0,0,0,0,0.0007,0
46,20,39,1,0.2,1,0,0,0,0,0,0,0.0,0
59,33,10,4,0.7,3,0,0,0,1,0,0,0.0008,0
65,41,105,1,3.0,2,282,1,1,1,0,1,0.7872,1
63,39,52,2,1.1,1,0,0,0,1,1,0,0.0017,0
38,12,58,2,2.8,1,0,0,0,1,0,0,0.0048,0
34,9,133,1,3.8,1,0,0,0,1,0,0,0.0338,0
34,9,49,1,2.5,3,0,0,0,0,0,0,0.0044,0
51,27,80,1,2.6,2,0,0,0,1,1,0,0.0,0
55,30,39,2,1.9,2,0,0,0,0,0,0,0.0085,0
62,38,53,1,0.0,2,0,0,0,0,0,0,0.0019,0
35,10,34,4,1.7,1,87,0,0,1,1,0,0.0,0
24,0,131,1,5.4,1,0,0,0,1,0,0,0.054,0
48,24,12,3,0.4,1,0,0,0,0,0,0,0.0,0
57,31,25,2,0.7,2,103,0,0,0,0,0,0.0015,0
63,38,52,2,2.8,1,0,0,0,1,0,0,0.0086,0
48,23,29,1,1.3,2,0,0,0,0,0,0,0.0012,0
56,32,158,1,7.4,1,0,0,0,0,0,0,0.0318,0
41,17,139,2,8.0,1,0,0,0,1,0,0,0.0059,0
35,9,29,3,0.9,1,126,0,0,1,0,0,0.0011,0
39,14,54,2,1.1,2,159,0,0,0,1,0,0.0081,0
32,6,25,2,0.3,1,0,0,0,0,1,0,0.0009,0
32,6,41,2,2.0,3,0,0,0,0,0,0,0.0062,0
52,26,59,2,1.5,2,239,0,0,0,1,0,0.0025,0
43,18,113,2,0.4,1,325,1,0,0,0,0,0.0993,0
27,3,82,2,0.2,1,0,0,0,0,1,0,0.0095,0
39,14,75,1,0.1,2,297,0,0,0,1,0,0.0642,0
51,27,42,4,1.1,2,0,0,0,1,1,0,0.0,0
35,9,100,1,2.7,2,0,0,0,0,0,0,0.2393,0
59,35,73,4,2.3,3,0,0,0,0,0,0,0.0032,0
50,25,192,2,2.8,1,238,0,0,0,1,0,0.1112,0
41,15,69,1,1.5,3,78,0,0,1,0,0,0.0034,0
36,10,55,1,2.0,1,95,0,0,1,0,0,0.001,0
25,0,99,1,1.9,1,323,0,0,0,0,0,0.0597,0
54,28,53,1,2.2,3,0,0,0,1,1,0,0.0036,0
34,8,184,3,7.5,1,0,0,0,0,0,1,0.7782,1
58,32,73,2,2.3,3,224,0,0,1,1,0,0.0107,0
52,28,41,3,1.9,2,0,0,0,0,1,0,0.0082,0
29,5,124,2,0.2,1,0,0,0,0,1,0,0.0613,0
63,38,111,2,3.9,1,207,1,1,1,1,0,0.5633,1
62,37,93,3,3.0,3,0,0,1,1,1,1,0.7758,1
47,22,44,1,1.4,3,0,0,0,1,1,0,0.0,0
38,13,143,1,4.1,1,0,0,0,0,0,0,0.0237,0
57,31,175,2,0.5,1,429,0,0,1,1,0,0.1095,0
63,39,39,1,1.9,2,0,0,0,0,0,0,0.0019,0
33,9,44,1,1.2,1,0,0,0,0,0,0,0.0,0
50,24,112,1,0.0,1,0,0,0,0,0,0,0.0219,0
57,31,114,4,5.2,1,0,1,1,1,0,1,0.8799,1
43,19,81,2,3.2,1,0,0,0,1,0,0,0.4234,0
34,9,123,1,1.6,2,0,0,0,1,0,1,0.9116,1
33,8,58,2,2.5,1,0,0,0,1,0,0,0.0052,0
40,14,33,2,1.4,3,0,0,0,1,1,0,0.0,0
45,20,144,4,5.4,1,210,0,0,1,0,1,0.928,1
62,38,43,4,1.2,2,0,0,0,1,0,0,0.0,0
56,32,64,4,1.5,1,0,0,0,1,0,0,0.0007,0
61,36,30,3,1.3,2,0,0,0,0,0,0,0.0,0
62,32,142,2,2.8,3,0,0,0,0,1,1,0.8964,1
33,9,41,3,2.0,1,108,0,0,1,0,0,0.0,0
26,0,44,4,1.3,3,0,1,0,0,0,0,0.0052,0
31,5,50,1,1.5,1,0,0,0,1,0,0,0.0,0
58,28,122,1,3.0,3,115,0,0,1,0,1,0.8704,1
53,29,63,2,1.0,3,0,0,0,1,0,0,0.0043,0
30,4,40,1,0.3,1,0,0,0,1,0,0,0.0,0
51,27,12,4,1.0,1,0,0,0,1,0,0,0.0,0
56,30,24,2,0.4,3,88,0,0,0,0,0,0.0,0
38,12,33,4,1.5,3,0,1,0,0,1,0,0.008,0
44,17,69,3,2.67,2,0,0,0,0,0,0,0.0059,0
53,23,39,3,1.0,3,87,0,0,1,0,0,0.0,0
49,23,70,2,1.5,2,0,0,0,0,0,0,0.0036,0
30,6,181,3,4.1,2,0,0,1,1,1,1,0.999,1
48,24,133,1,5.0,1,0,0,0,0,0,0,0.02,0
56,31,21,2,0.2,3,137,0,1,1,1,0,0.0294,0
30,4,78,4,2.2,2,236,1,0,0,0,0,0.0213,0
48,24,75,4,1.4,2,0,0,0,1,0,0,0.0,0
38,14,130,4,4.7,3,134,0,0,0,0,1,0.9862,1
33,7,30,2,2.0,3,132,0,0,0,0,0,0.0051,0
56,31,64,2,2.3,3,0,0,0,0,0,0,0.013,0
43,19,123,3,1.3,1,0,0,0,1,0,1,0.7687,1
52,28,38,4,0.9,2,0,0,0,0,1,0,0.0051,0
50,26,38,4,0.9,2,0,0,0,1,0,0,0.0,0
35,11,59,4,0.1,2,0,0,0,0,0,0,0.0,0
34,9,104,3,1.2,3,0,0,0,1,0,0,0.1846,0
44,17,128,2,3.25,2,0,0,0,0,1,1,0.8605,1
34,10,19,4,0.4,2,0,0,0,0,0,0,0.0021,0
61,35,60,1,2.8,2,0,0,0,1,0,0,0.0329,0
27,2,130,3,4.4,1,192,0,0,1,0,1,0.8925,1
31,5,99,4,1.8,2,268,0,0,0,0,0,0.1635,0
64,39,182,1,1.2,2,547,0,0,1,0,1,0.7757,1
34,9,60,4,1.3,1,0,1,0,0,0,0,0.0062,0
34,10,22,3,0.9,3,0,0,0,1,0,0,0.0031,0
46,21,115,2,4.2,3,0,1,1,1,1,1,0.9039,1
49,23,81,2,0.8,3,0,0,0,0,0,0,0.0,0
54,28,45,3,1.4,1,0,0,0,0,1,0,0.0,0
63,38,61,2,1.5,1,0,0,0,1,0,0,0.0003,0
42,17,79,1,3.7,3,0,1,0,0,1,0,0.0918,0
56,31,48,2,2.1,3,0,0,0,0,1,0,0.0111,0
32,7,42,3,2.3,1,0,0,0,1,0,0,0.0,0
39,13,58,3,2.1,1,247,0,0,1,0,0,0.0155,0
64,40,63,4,1.2,2,0,1,0,0,1,0,0.0084,0
27,1,112,4,2.3,3,402,0,0,1,1,0,0.5684,1
41,15,65,3,0.5,3,0,0,0,0,0,0,0.0,0
60,35,33,2,0.5,2,0,0,0,1,0,0,0.0003,0
25,0,72,3,2.6,3,0,0,0,1,0,0,0.0335,0
54,29,21,4,0.1,3,0,0,0,0,0,0,0.0036,0
44,18,68,4,2.9,1,0,1,0,0,1,0,0.0656,0
48,23,23,4,0.4,2,122,0,0,0,0,0,0.0,0
56,31,35,3,0.1,2,114,0,0,0,0,0,0.0,0
39,14,43,3,0.7,2,153,0,0,1,0,0,0.0,0
57,32,24,1,1.3,1,0,0,0,1,1,0,0.0,0
52,27,32,2,2.0,2,0,0,0,0,1,0,0.0081,0
56,32,8,2,0.3,1,0,0,0,1,1,0,0.0,0
43,19,132,1,5.0,1,0,0,0,0,0,0,0.0187,0
58,33,22,3,0.2,1,0,0,0,1,0,0,0.0046,0
45,19,93,2,1.7,2,0,0,0,0,0,0,0.0647,0
48,24,144,4,3.5,2,0,0,0,0,0,1,0.9823,1
49,23,68,1,1.5,2,0,0,0,0,0,0,0.0012,0
35,8,38,4,1.0,2,0,0,0,1,0,0,0.0056,0
36,11,9,4,0.2,3,0,0,0,0,1,0,0.0039,0
55,28,21,1,0.5,2,0,1,0,0,1,0,0.0114,0
31,5,40,4,1.3,3,170,0,0,0,0,0,0.0053,0
31,5,188,2,4.5,1,455,0,0,0,0,0,0.1058,0
42,12,34,3,2.0,3,0,0,0,0,1,0,0.0041,0
41,16,91,3,0.5,3,0,0,0,0,0,0,0.0236,0
30,6,141,2,4.33,1,0,0,0,0,0,0,0.0602,0
30,3,61,4,2.0,2,0,0,0,1,0,0,0.0,0
33,7,90,3,1.6,1,0,0,0,1,0,0,0.0055,0
29,4,83,4,2.2,2,0,0,0,1,1,0,0.0198,0
58,32,43,1,2.8,2,0,0,0,1,0,0,0.0209,0
47,22,11,2,0.0,1,78,0,0,0,0,0,0.0,0
49,23,83,1,0.3,1,0,0,0,1,1,0,0.0203,0
46,22,28,1,1.0,1,84,0,0,1,1,0,0.0,0
36,12,10,4,0.7,2,81,0,0,0,0,0,0.007,0
44,20,43,1,0.7,1,0,0,0,0,1,0,0.0,0
39,15,119,2,6.1,1,0,0,0,0,0,0,0.0331,0
61,35,78,2,2.0,1,0,0,0,1,1,0,0.0,0
59,35,43,4,0.4,1,0,0,0,0,1,0,0.0065,0
34,8,39,4,0.2,1,115,0,0,1,0,0,0.0,0
37,11,82,3,0.9,2,218,0,0,1,1,0,0.0093,0
51,26,15,2,0.0,1,114,0,0,1,0,0,0.0,0
47,22,81,1,2.9,1,138,0,0,0,0,0,0.1185,0
61,36,23,2,0.5,2,103,0,0,1,0,0,0.0,0
39,14,34,4,1.7,1,0,0,0,1,1,0,0.0,0
43,19,72,2,1.7,1,0,0,0,1,0,0,0.0064,0
34,9,160,4,8.0,3,0,0,0,0,1,1,0.9911,1
34,10,45,3,2.8,1,153,0,0,1,1,0,0.0067,0
41,17,49,4,2.2,2,0,0,0,0,0,0,0.0025,0
47,22,24,4,0.4,2,142,0,0,1,0,0,0.0,0
45,20,138,1,7.0,1,0,0,0,0,1,0,0.0114,0
62,38,149,1,4.7,1,0,0,0,1,0,0,0.0246,0
26,1,74,4,2.2,1,0,0,0,1,0,0,0.0029,0
52,26,161,4,4.3,1,0,0,1,1,1,1,0.9551,1
55,29,79,3,0.8,1,0,0,0,1,0,0,0.0,0
58,32,28,2,0.3,1,148,0,0,0,0,0,0.0,0
53,27,81,3,1.7,2,193,0,0,1,0,0,0.005,0
58,32,42,3,1.4,3,158,0,0,0,1,0,0.0,0
42,17,78,1,1.0,3,0,0,0,1,0,0,0.0,0
52,27,25,2,0.0,1,0,0,0,1,1,0,0.0,0
40,16,138,1,3.5,1,0,0,0,1,0,0,0.0264,0
55,29,111,2,3.6,3,0,0,0,0,1,1,0.7818,1
59,35,165,2,6.0,1,0,0,0,1,0,0,0.0671,0
52,26,71,1,1.4,3,0,0,0,0,0,0,0.0,0
32,8,32,2,1.0,2,103,0,1,1,1,0,0.0363,0
61,31,154,3,7.5,3,351,0,1,1,1,1,0.9946,1
53,27,31,2,0.4,3,104,0,0,0,1,0,0.0,0
64,38,35,1,0.5,3,0,0,0,1,0,0,0.0036,0
37,12,63,3,2.3,1,0,0,0,1,0,0,0.0072,0
41,16,70,3,0.5,3,0,0,0,0,1,0,0.0,0
40,14,33,2,0.8,3,89,0,0,1,0,0,0.0,0
36,12,25,4,1.0,1,0,0,0,1,0,0,0.0196,0
25,1,40,3,2.4,2,0,0,0,1,0,0,0.0093,0
29,5,112,2,4.33,1,0,0,0,1,1,0,0.097,0
40,14,61,3,0.5,3,0,0,0,1,0,0,0.0,0
41,16,49,3,0.5,3,0,0,0,1,0,0,0.0,0
50,24,81,2,0.4,3,0,0,0,0,0,0,0.0,0
50,24,62,1,1.4,3,0,0,0,0,0,0,0.0,0
36,9,31,4,1.0,2,0,1,0,1,0,0,0.0056,0
29,5,122,4,3.0,1,0,0,0,0,1,1,0.7779,1
61,36,40,3,0.5,2,100,1,0,0,0,0,0.0038,0
59,35,68,1,1.8,3,95,0,0,0,0,0,0.0,0
23,2,75,2,1.8,2,0,0,0,1,1,0,0.0129,0
33,8,133,1,0.0,1,0,0,0,1,0,0,0.0499,0
45,21,33,3,0.5,1,108,0,0,1,0,0,0.0,0
43,19,45,3,0.6,2,0,0,0,0,0,0,0.0,0
41,15,108,1,5.2,1,0,0,0,0,0,0,0.0715,0
52,26,101,2,2.4,2,0,0,0,1,0,0,0.2075,0
33,7,92,3,1.6,1,0,0,0,0,0,0,0.0253,0
36,10,80,4,2.2,2,0,0,0,1,0,0,0.0117,0
47,20,101,3,2.0,2,270,0,0,1,0,0,0.244,0
39,14,40,1,2.5,3,0,0,0,1,0,0,0.0151,0
47,22,114,1,0.6,1,0,1,1,1,1,0,0.3377,0
46,20,73,2,0.8,3,264,0,1,1,1,0,0.1273,0
38,14,81,1,3.6,2,0,0,0,1,1,0,0.2436,0
57,31,165,1,1.6,2,0,0,0,1,0,1,0.9289,1
48,24,14,3,0.4,1,0,0,0,1,0,0,0.0,0
38,14,103,1,0.8,2,0,0,0,0,1,0,0.1009,0
45,19,41,1,0.2,1,0,0,0,1,0,0,0.0,0
48,23,35,4,0.4,2,118,0,0,0,0,0,0.0,0
45,19,30,3,0.5,2,0,0,0,1,1,0,0.0,0
56,30,90,1,1.9,2,0,0,0,1,0,0,0.0175,0
31,7,173,1,6.0,1,0,0,0,1,0,0,0.03,0
39,13,31,2,0.8,3,0,0,0,0,0,0,0.0,0
35,9,53,4,2.2,2,0,0,0,1,0,0,0.0056,0
54,28,42,4,2.5,1,0,0,0,1,1,0,0.0,0
28,3,54,4,0.6,2,0,0,0,1,0,0,0.0022,0
35,9,131,3,0.3,3,0,0,1,1,1,1,0.9672,1
49,23,84,3,2.1,1,134,1,0,1,0,0,0.0071,0
52,26,182,2,1.4,2,0,0,0,1,0,1,0.9517,1
43,18,204,2,8.8,1,0,0,0,1,0,0,0.0345,0
61,36,130,1,1.3,1,257,0,0,0,0,0,0.0606,0
44,20,119,2,7.5,1,239,0,0,1,0,0,0.0136,0
51,26,69,3,2.0,2,0,0,0,1,0,0,0.0041,0
32,6,31,2,2.0,3,0,0,0,1,1,0,0.0,0
43,18,29,1,0.5,3,0,0,0,1,0,0,0.0,0
24,1,38,4,0.6,2,0,0,0,1,0,0,0.0044,0
44,18,54,1,2.8,1,202,0,0,0,0,0,0.0037,0
40,13,69,3,2.33,2,0,0,0,0,0,0,0.006,0
47,21,79,3,1.1,1,185,0,0,1,1,0,0.0166,0
66,42,53,2,1.1,1,0,0,0,1,1,0,0.0193,0
58,34,44,4,2.2,1,0,1,0,0,0,0,0.0046,0
56,32,38,4,1.3,1,166,0,0,1,1,0,0.0068,0
25,1,109,4,2.3,3,314,0,0,1,0,0,0.4308,0
26,1,8,2,0.9,3,0,0,0,0,1,0,0.0017,0
29,4,80,1,0.8,2,0,0,0,1,1,0,0.0102,0
53,27,84,2,1.1,1,0,0,0,1,0,0,0.0124,0
51,26,90,1,2.8,2,0,0,0,1,1,0,0.0186,0
49,23,133,1,7.3,1,0,0,0,1,1,0,0.0061,0
57,32,44,2,1.9,2,157,0,0,0,0,0,0.0017,0
44,20,81,4,2.0,3,277,0,0,1,0,0,0.0773,0
50,24,80,4,4.9,1,0,0,0,1,0,0,0.0916,0
63,38,8,4,0.6,2,0,0,0,1,0,0,0.0,0
37,13,95,2,1.7,2,83,0,0,0,0,0,0.0749,0
65,41,84,2,0.0,3,0,0,0,1,1,0,0.0096,0
52,25,41,3,1.0,2,0,0,0,1,0,0,0.0,0
49,25,43,1,1.6,2,0,0,0,1,1,0,0.0021,0
41,17,85,4,0.2,3,229,0,0,0,0,0,0.0219,0
42,18,54,4,2.2,2,0,0,0,0,0,0,0.0025,0
36,10,82,2,2.8,1,0,0,0,0,1,0,0.0066,0
45,20,70,4,1.9,3,0,0,0,1,1,0,0.0018,0
57,32,31,3,1.3,2,0,0,0,1,1,0,0.0017,0
53,29,41,2,0.8,1,0,0,0,1,0,0,0.0,0
55,29,62,3,0.3,2,0,0,0,1,0,0,0.0,0
59,35,84,1,1.8,3,0,0,0,1,1,0,0.0092,0
26,2,172,2,6.9,2,0,0,0,1,0,1,0.9406,1
27,2,48,2,1.6,3,119,1,0,1,0,0,0.0084,0
59,35,38,1,0.8,1,0,0,0,1,0,0,0.0003,0
46,22,84,4,2.0,3,0,0,0,1,0,0,0.001,0
30,5,109,4,2.2,2,103,0,0,0,1,0,0.5792,1
57,33,170,2,2.1,2,0,0,0,0,0,1,0.8761,1
65,40,64,2,1.5,1,0,0,0,0,1,0,0.0109,0
35,5,93,4,1.8,3,0,0,0,0,1,0,0.0884,0
40,16,49,1,1.8,1,0,0,0,0,1,0,0.0,0
58,32,65,3,2.2,3,0,0,0,0,0,0,0.0012,0
49,25,91,4,1.4,2,0,0,0,1,0,0,0.0077,0
48,22,59,4,2.6,1,0,0,0,1,1,0,0.0,0
30,5,69,1,0.8,2,0,1,0,1,0,0,0.0103,0
42,16,191,3,4.8,2,0,1,1,1,0,1,0.9984,1
59,34,103,1,2.6,1,0,0,0,1,0,0,0.0704,0
29,3,65,4,1.8,2,244,0,0,0,0,0,0.0188,0
26,2,48,3,0.7,2,0,0,0,1,0,0,0.0039,0
67,42,21,3,0.1,3,0,0,0,0,1,0,0.0077,0
27,2,109,4,1.8,3,0,0,0,0,0,0,0.358,0
23,2,82,2,1.8,2,0,1,0,0,1,0,0.0188,0
33,9,125,1,4.3,3,0,0,0,1,0,1,0.9642,1
61,36,81,3,1.8,2,0,0,0,1,0,0,0.0003,0
39,15,82,1,0.8,2,0,0,0,1,0,0,0.0,0
59,29,61,3,2.0,3,0,0,0,1,0,0,0.002,0
62,37,115,4,3.4,2,0,0,0,1,1,0,0.6955,1
27,3,88,3,0.8,1,238,0,0,0,0,0,0.0112,0
54,30,24,1,0.1,2,0,0,0,0,0,0,0.0095,0
33,8,125,1,0.0,1,0,0,0,1,1,0,0.0374,0
59,35,84,1,1.8,3,0,0,0,1,0,0,0.0149,0
42,18,34,1,2.0,2,0,1,0,0,0,0,0.0,0
53,28,14,4,0.8,1,0,0,0,1,1,0,0.0,0
56,26,51,3,2.0,3,0,0,0,1,0,0,0.0,0
53,23,44,3,1.0,3,198,0,0,1,1,0,0.002,0
35,9,30,4,1.0,1,163,0,0,1,0,0,0.0023,0
59,34,19,1,0.3,3,0,0,0,1,0,0,0.002,0
33,8,68,4,1.3,1,0,0,0,1,0,0,0.0008,0
30,4,40,4,0.8,1,0,0,0,1,0,0,0.0019,0
50,26,24,4,0.5,2,0,0,0,0,1,0,0.0068,0
57,33,88,1,2.7,2,0,0,0,1,0,0,0.0294,0
33,9,79,1,0.1,1,0,0,0,1,0,0,0.0,0
56,30,140,4,0.5,1,292,0,0,0,0,1,0.8863,1
52,27,33,2,0.7,2,0,0,0,0,1,0,0.0104,0
43,17,72,1,2.8,1,271,0,0,1,0,0,0.0177,0
65,39,121,1,2.0,1,0,0,0,0,0,0,0.0326,0
59,33,99,2,2.7,1,0,0,0,0,0,0,0.1034,0
65,39,21,2,0.4,1,0,0,0,0,0,0,0.0038,0
41,17,20,1,1.4,3,0,0,0,1,0,0,0.0,0
42,18,75,3,2.33,1,0,0,0,0,1,0,0.0083,0
30,6,193,3,6.3,3,0,0,0,1,0,1,0.9946,1
37,11,81,1,2.8,3,145,0,0,0,0,0,0.0306,0
62,38,58,4,1.2,2,228,0,0,0,1,0,0.0111,0
58,28,75,1,1.4,3,0,0,0,1,0,0,0.0021,0
31,5,22,1,0.6,3,0,0,0,0,0,0,0.0037,0
53,27,93,1,0.8,3,313,0,0,0,0,0,0.145,0
28,4,82,4,0.0,1,0,0,0,1,1,0,0.0074,0
38,12,58,3,0.9,3,128,0,0,0,1,0,0.0019,0
64,38,79,2,2.8,1,179,0,0,0,0,0,0.0137,0
65,39,105,4,2.4,3,0,0,0,0,0,0,0.1734,0
52,27,184,1,8.1,1,0,0,0,0,0,0,0.0313,0
40,14,93,1,2.8,3,328,1,1,1,1,0,0.3328,0
47,21,109,4,1.8,1,0,0,0,0,0,1,0.547,1
36,10,172,4,1.0,2,295,0,0,1,0,1,0.9444,1
44,20,68,1,0.8,3,91,0,0,0,0,0,0.0036,0
61,37,31,3,0.4,2,0,0,0,0,1,0,0.0,0
55,30,44,2,2.0,2,0,0,0,1,0,0,0.0017,0
49,23,140,1,1.9,3,0,0,0,0,1,1,0.8869,1
54,30,39,4,0.1,3,0,1,0,1,0,0,0.0055,0
31,6,180,2,6.7,1,0,0,0,0,0,0,0.0429,0
62,36,32,2,0.2,3,0,0,0,1,1,0,0.0,0
58,32,40,1,1.6,1,0,1,1,1,1,0,0.0201,0
37,11,89,1,1.5,3,0,0,0,1,0,0,0.0077,0
41,17,83,4,2.67,1,0,0,0,1,1,0,0.0104,0
58,32,180,1,2.9,1,0,0,0,0,1,0,0.0629,0
54,30,79,4,1.6,2,0,0,0,1,0,0,0.0057,0
66,41,70,3,2.2,1,0,0,0,0,0,0,0.0214,0
30,5,78,1,2.6,2,0,0,0,1,0,0,0.0059,0
37,13,49,4,2.0,3,192,0,0,0,0,0,0.0033,0
26,2,205,1,6.33,1,271,0,0,0,1,0,0.1171,0
39,13,74,3,0.9,2,155,0,0,1,0,0,0.0,0
37,12,190,2,3.0,1,475,0,0,1,0,0,0.1068,0
48,22,152,1,0.0,1,0,0,0,0,0,0,0.0224,0
52,26,35,4,1.8,1,0,0,0,1,0,0,0.0021,0
54,28,74,2,1.1,1,0,0,0,1,0,0,0.0067,0
35,9,81,1,2.7,2,0,0,0,1,0,0,0.0194,0
35,10,23,4,0.2,3,0,0,0,1,0,0,0.0051,0
41,17,9,1,1.0,1,0,0,0,1,1,0,0.0,0
64,39,42,3,0.5,2,116,0,0,1,0,0,0.0,0
61,36,61,2,2.8,1,0,0,0,0,0,0,0.0022,0
29,4,130,2,6.7,1,0,0,0,0,1,0,0.1019,0
46,20,152,1,7.4,3,374,0,1,1,1,1,0.9296,1
26,1,38,4,1.7,2,0,0,0,1,0,0,0.0093,0
53,29,95,4,1.0,2,0,0,0,1,1,0,0.1039,0
59,33,91,4,1.9,2,329,0,0,0,0,0,0.1481,0
63,37,110,1,4.1,3,0,0,0,0,0,1,0.8585,1
60,36,93,1,4.3,1,0,0,0,1,0,0,0.3138,0
30,4,44,1,1.9,3,143,0,0,0,0,0,0.004,0
56,26,62,3,1.4,3,0,0,0,1,0,0,0.0,0
62,37,50,3,2.4,1,0,0,0,1,0,0,0.0026,0
53,28,38,1,1.3,2,0,0,0,1,0,0,0.0016,0
23,1,61,4,2.6,1,239,0,0,1,0,0,0.0404,0
42,15,39,3,1.0,2,132,0,0,0,0,0,0.0012,0
31,5,79,4,2.2,2,0,0,0,0,0,0,0.0042,0
38,13,65,3,0.5,3,0,0,0,1,0,0,0.0048,0
32,7,81,2,3.4,2,0,0,0,0,1,1,0.4298,0
60,36,10,2,1.0,1,0,0,0,1,1,0,0.0,0
42,16,64,3,0.5,3,247,0,0,0,0,0,0.0125,0
49,24,13,1,0.4,3,101,1,0,0,0,0,0.0,0
27,0,38,4,1.0,3,154,0,0,1,0,0,0.0107,0
41,17,65,3,2.1,3,0,0,0,1,0,0,0.0017,0
63,38,22,3,0.1,3,90,0,0,1,0,0,0.0,0
52,27,28,3,1.7,2,0,0,0,0,0,0,0.0061,0
58,32,128,2,2.7,1,344,0,0,0,0,0,0.0437,0
46,21,41,1,0.5,3,0,0,0,0,0,0,0.0,0
67,41,20,2,0.4,1,80,0,0,0,0,0,0.0099,0
31,6,44,4,0.8,1,122,0,0,1,0,0,0.0,0
29,5,21,3,0.9,3,119,0,0,0,0,0,0.0,0
46,22,89,1,2.7,1,0,1,1,1,1,0,0.1081,0
46,20,140,2,6.3,1,380,0,0,1,1,0,0.0833,0
38,14,90,2,2.7,1,0,0,0,1,1,0,0.0017,0
26,0,129,3,0.7,2,0,0,0,0,0,1,0.8712,1
64,38,40,2,1.0,3,0,0,0,0,0,0,0.0033,0
49,24,35,4,0.2,2,0,0,0,0,1,0,0.0064,0
35,10,29,4,1.1,3,0,0,0,1,0,0,0.0052,0
40,16,120,2,6.1,1,196,0,0,1,0,0,0.0283,0
57,32,81,2,3.7,1,226,0,0,1,1,0,0.1659,0
52,26,68,1,0.8,3,0,0,0,1,1,0,0.0011,0
53,28,85,1,1.2,1,0,0,0,0,0,0,0.0042,0
28,4,80,3,2.5,1,0,0,0,1,0,0,0.0101,0
65,39,18,2,0.4,1,0,1,1,1,1,0,0.0398,0
35,10,152,2,3.0,1,0,0,0,1,0,0,0.0676,0
63,37,15,2,0.4,1,0,0,0,0,0,0,0.0,0
23,2,45,4,0.6,2,0,0,0,1,1,0,0.0,0
44,20,71,4,1.9,1,207,0,0,1,0,0,0.0099,0
45,20,109,1,7.0,1,366,0,0,1,0,0,0.0486,0
31,6,145,1,0.8,1,84,0,0,1,0,0,0.0368,0
43,17,82,3,0.1,1,0,0,0,1,0,0,0.0103,0
41,16,21,2,0.1,2,0,0,0,0,0,0,0.0,0
48,24,79,4,1.4,2,0,1,0,0,1,0,0.0051,0
37,12,175,2,7.8,1,297,0,0,1,1,0,0.0862,0
57,27,90,2,4.5,3,0,0,0,1,0,0,0.3763,0
25,1,13,4,0.4,1,0,1,0,0,0,0,0.0,0
49,23,174,3,4.6,2,590,0,0,0,0,1,0.994,1
43,18,85,1,4.0,3,287,0,0,1,0,0,0.2005,0
44,19,74,4,1.9,3,0,0,0,0,0,0,0.0032,0
47,23,63,1,0.8,3,0,0,0,1,0,0,0.0017,0
53,29,20,4,0.2,1,0,0,0,1,0,0,0.0022,0
48,23,191,2,2.8,1,231,0,0,0,1,0,0.0996,0
49,23,58,4,2.6,1,188,0,0,0,0,0,0.0,0
58,33,9,2,0.2,3,0,0,0,1,0,0,0.0,0
54,28,159,2,0.5,1,461,0,0,1,0,0,0.0655,0
49,23,49,1,1.2,2,0,0,0,1,1,0,0.0,0
28,2,84,1,2.9,3,102,1,1,0,1,0,0.3914,0
43,19,82,2,1.8,2,0,0,0,1,1,0,0.0053,0
30,4,34,2,0.3,2,0,0,0,1,1,0,0.0,0
29,5,18,1,0.4,3,94,0,0,1,1,0,0.0,0
60,36,79,1,1.8,3,0,0,0,0,1,0,0.0008,0
34,9,198,2,3.0,1,422,0,0,1,0,0,0.0974,0
54,29,23,1,1.5,2,0,0,0,0,0,0,0.0017,0
34,8,41,4,0.8,1,0,0,0,0,0,0,0.0,0
39,13,52,1,2.0,1,0,0,0,0,1,0,0.0,0
36,12,88,2,2.7,1,0,0,0,1,0,0,0.0068,0
51,25,21,4,0.6,3,0,0,0,1,1,0,0.0,0
35,9,142,2,0.0,1,0,1,0,1,0,0,0.0423,0
34,10,42,1,1.5,2,131,0,0,0,0,0,0.0,0
27,2,44,4,0.6,2,0,1,1,1,0,0,0.12,0
46,22,198,2,6.67,1,0,0,0,0,1,0,0.0421,0
62,37,61,4,1.7,1,0,0,0,0,0,0,0.0046,0
62,37,82,1,0.8,3,312,0,0,1,0,0,0.0789,0
58,34,88,2,1.6,1,0,0,0,1,1,0,0.0047,0
49,25,19,1,0.9,3,0,0,0,0,0,0,0.0025,0
62,37,44,1,1.1,3,0,0,0,0,0,0,0.0,0
38,8,21,1,0.67,3,0,0,0,1,0,0,0.0,0
43,19,113,1,1.7,1,0,0,0,0,0,0,0.0324,0
36,11,90,1,2.8,1,0,0,0,1,0,0,0.007,0
55,30,64,2,2.3,3,0,0,0,0,0,0,0.0089,0
41,15,65,2,2.8,1,0,0,0,1,1,0,0.0052,0
46,20,104,1,5.7,1,0,0,0,1,1,0,0.1274,0
54,30,24,4,0.2,1,0,1,0,0,0,0,0.0059,0
64,39,23,3,0.5,1,0,1,0,0,0,0,0.0048,0
33,9,61,3,2.6,2,0,0,0,1,0,0,0.0065,0
40,16,53,4,2.0,3,0,0,0,0,0,0,0.0,0
40,15,85,2,0.4,1,0,0,0,1,0,0,0.0,0
29,3,84,1,2.9,3,0,0,0,1,0,0,0.3048,0
34,9,62,3,2.3,1,0,0,0,0,0,0,0.0,0
58,31,178,2,6.0,2,0,0,0,1,0,1,0.9962,1
51,26,11,2,0.0,1,0,1,0,0,0,0,0.0,0
63,38,135,2,3.8,3,183,0,0,0,0,1,0.9253,1
36,11,85,3,1.2,3,0,0,0,1,0,0,0.0125,0
37,12,62,3,0.7,2,0,0,0,0,1,0,0.001,0
31,7,10,1,0.5,3,81,0,0,1,0,0,0.0,0
59,34,23,1,0.1,1,0,0,0,0,1,0,0.0017,0
32,7,54,4,1.3,1,0,1,0,1,0,0,0.0,0
35,9,69,4,2.2,2,0,0,0,0,1,0,0.0143,0
24,1,75,4,0.2,1,0,0,0,1,0,0,0.0034,0
53,28,74,3,2.0,2,0,1,0,0,0,0,0.0,0
55,30,82,4,3.8,2,0,0,0,1,0,0,0.0869,0
36,12,93,2,2.2,1,0,0,0,1,0,0,0.0245,0
51,25,29,1,1.4,3,102,0,0,0,1,0,0.0,0
62,37,128,1,2.5,1,0,0,0,0,0,0,0.0236,0
27,2,92,2,3.1,1,178,0,0,1,0,0,0.4876,0
28,4,34,1,1.8,2,0,0,0,1,0,0,0.0,0
38,12,59,3,0.5,3,0,1,1,1,1,0,0.0434,0
60,35,191,4,5.6,3,0,0,0,0,0,1,0.9974,1
60,34,110,2,2.0,1,0,0,0,1,0,0,0.0376,0
63,38,138,1,2.5,1,0,0,0,1,0,0,0.0416,0
57,32,135,3,4.8,2,0,1,1,1,0,1,0.9871,1
60,34,59,1,1.6,1,231,0,0,1,0,0,0.0165,0
55,29,30,4,0.7,2,0,0,0,0,1,0,0.0101,0
51,25,31,2,0.4,3,161,0,0,1,1,0,0.0,0
59,34,42,3,1.5,1,0,1,1,0,1,0,0.0507,0
31,7,8,4,0.7,2,0,0,0,0,0,0,0.0,0
58,32,191,4,5.2,3,194,0,0,0,1,1,0.9665,1
31,5,85,2,1.3,1,119,0,0,1,1,0,0.0018,0
45,21,11,4,0.2,1,106,0,0,1,1,0,0.0,0
30,5,85,4,1.8,3,0,0,0,1,0,0,0.0012,0
48,22,150,1,7.3,1,193,0,0,0,0,0,0.032,0
33,3,74,4,4.0,3,0,0,0,0,0,0,0.156,0
44,20,79,4,2.0,3,0,1,1,1,1,0,0.0385,0
54,30,13,1,0.3,1,0,0,0,0,0,0,0.0,0
64,39,35,1,1.5,2,0,1,0,0,0,0,0.0054,0
43,16,25,3,1.0,2,0,0,0,1,0,0,0.0,0
47,21,39,3,0.6,2,0,0,0,1,1,0,0.0,0
60,35,153,3,2.0,3,0,0,0,0,1,1,0.8375,1
37,13,79,4,0.1,2,280,0,0,1,0,0,0.0444,0
33,9,184,2,4.8,2,0,0,0,0,0,1,0.9919,1
39,14,178,1,4.1,1,207,0,0,1,0,0,0.0592,0
30,5,98,2,3.1,1,220,0,0,1,0,0,0.2886,0
45,19,22,3,1.5,1,0,0,0,1,1,0,0.0009,0
47,23,8,4,0.2,1,0,0,0,1,0,0,0.0,0
62,37,41,3,0.9,3,0,0,0,1,1,0,0.0,0
51,26,191,1,8.1,1,0,1,0,1,0,0,0.0601,0
36,12,188,2,6.5,1,0,0,0,1,1,0,0.0371,0
43,19,28,4,0.3,1,87,0,0,0,0,0,0.002,0
46,22,53,2,1.7,1,109,0,0,0,0,0,0.0,0
39,15,33,1,2.0,2,0,0,0,0,0,0,0.0,0
45,19,58,2,0.4,3,0,1,0,0,1,0,0.0017,0
45,21,59,2,2.5,1,155,0,0,1,0,0,0.0007,0
55,29,49,2,0.8,3,220,0,0,0,1,0,0.0114,0
55,30,50,2,2.1,3,0,0,0,1,0,0,0.0,0
37,7,94,4,1.8,3,232,0,0,1,0,0,0.1263,0
38,13,140,4,0.5,1,0,0,0,0,0,1,0.8673,1
34,8,14,4,0.3,1,0,0,0,0,0,0,0.0,0
27,0,28,4,1.5,2,0,0,0,1,0,0,0.0191,0
49,23,129,1,0.3,1,0,0,0,1,1,0,0.0247,0
60,35,24,1,1.5,2,0,0,0,0,0,0,0.0,0
29,3,80,4,1.8,2,0,0,0,1,1,0,0.0051,0
44,19,82,2,0.4,1,0,0,0,1,1,0,0.01,0
45,19,19,3,1.5,1,94,0,0,1,1,0,0.0009,0
45,18,45,3,1.0,2,0,0,0,1,0,0,0.0,0
56,31,54,4,2.1,1,0,0,0,1,0,0,0.0007,0
48,23,84,4,3.1,2,0,1,1,1,0,1,0.5594,1
41,16,109,3,1.0,1,0,1,0,1,0,0,0.3092,0
30,4,51,4,0.2,1,172,0,0,0,1,0,0.0009,0
52,27,61,4,1.8,3,207,0,0,0,0,0,0.0107,0
30,6,29,3,1.0,2,117,0,0,0,0,0,0.0,0
46,21,34,1,0.1,1,124,0,0,1,0,0,0.0,0
42,17,28,1,0.6,3,0,0,0,0,1,0,0.0,0
32,6,44,4,0.2,1,0,1,1,1,1,0,0.0254,0
54,29,34,4,0.1,3,0,0,0,1,1,0,0.0,0
59,35,58,1,0.0,2,0,0,0,1,0,0,0.0034,0
42,16,55,2,0.7,1,149,0,0,0,0,0,0.0,0
48,22,98,2,6.3,1,0,0,0,0,0,0,0.2576,0
56,30,24,2,0.7,2,0,0,0,1,0,0,0.0072,0
26,0,161,2,7.2,1,0,0,0,0,0,0,0.0582,0
57,31,61,1,2.2,3,0,0,0,0,0,0,0.0046,0
27,1,140,1,5.9,2,175,1,1,1,0,1,0.9642,1
56,26,63,3,2.0,3,0,0,0,1,0,0,0.0,0
45,19,85,2,1.7,2,0,0,0,1,0,0,0.0049,0
42,18,171,2,8.0,1,0,0,0,1,0,0,0.0133,0
43,19,114,1,1.7,1,0,0,0,1,0,0,0.0243,0
40,15,51,2,1.1,2,131,0,0,1,0,0,0.0067,0
57,31,40,3,1.4,3,0,0,1,1,1,0,0.0165,0
51,25,44,3,0.9,3,0,0,0,0,0,0,0.0,0
56,30,59,3,0.8,1,159,1,0,1,0,0,0.0017,0
53,29,25,2,0.4,1,0,0,0,1,0,0,0.0,0
50,25,160,4,4.3,3,410,0,0,0,0,1,0.9887,1
64,39,114,1,0.8,3,0,0,0,1,0,0,0.3999,0
29,5,45,3,0.1,2,0,0,0,1,0,0,0.0,0
36,9,40,2,1.67,2,129,1,0,1,0,0,0.0033,0
36,11,101,3,1.2,3,0,1,0,0,1,0,0.1498,0
66,41,18,3,0.5,1,0,0,0,0,0,0,0.0195,0
36,10,31,4,1.2,2,0,0,0,0,0,0,0.0035,0
54,30,58,2,3.2,3,0,0,0,0,0,0,0.083,0
33,6,53,2,1.0,2,96,0,0,0,1,0,0.0,0
51,25,40,4,1.8,1,0,1,0,0,1,0,0.0,0
47,21,65,1,1.5,2,0,1,0,1,0,0,0.0085,0
26,2,104,3,2.5,1,0,0,0,0,0,0,0.2992,0
31,6,132,1,3.8,1,0,0,0,1,0,0,0.0242,0
46,19,84,1,2.67,2,0,0,0,1,1,0,0.0,0
26,2,51,4,2.6,1,0,0,0,1,0,0,0.0096,0
46,20,72,2,0.8,3,0,0,0,1,1,0,0.0,0
30,4,63,4,2.2,2,0,1,0,1,0,0,0.002,0
63,37,101,2,2.8,1,0,0,0,0,0,0,0.08,0
48,22,145,1,0.3,1,140,0,0,1,0,0,0.0245,0
50,26,40,4,1.1,2,131,0,0,0,0,0,0.0,0
52,28,8,1,0.3,1,0,0,0,1,0,0,0.0,0
32,7,123,2,2.9,2,0,0,0,1,0,1,0.9473,1
43,19,74,4,1.9,1,0,0,0,0,1,0,0.0171,0
59,35,85,1,3.4,3,0,0,1,0,1,1,0.6428,1
41,16,85,1,4.0,3,0,0,0,1,1,0,0.1966,0
24,2,135,2,7.2,1,0,0,0,1,0,0,0.0471,0
54,29,54,2,2.1,3,97,0,0,0,0,0,0.002,0
58,32,44,1,0.8,2,0,0,0,0,0,0,0.0061,0
52,28,15,1,0.2,1,0,0,0,1,0,0,0.0,0
27,1,112,4,2.1,3,0,0,0,0,1,0,0.4272,0
37,13,38,1,1.5,2,116,0,0,0,1,0,0.0,0
49,24,80,1,1.2,1,0,0,0,1,0,0,0.0038,0
44,17,70,3,2.67,2,0,0,0,0,0,0,0.0041,0
31,5,115,2,1.3,1,101,0,0,1,1,0,0.022,0
36,11,158,2,7.8,1,114,0,0,1,1,0,0.0301,0
45,19,8,2,0.1,3,0,0,0,0,1,0,0.0017,0
33,7,111,2,1.3,1,0,0,0,1,0,0,0.0373,0
63,38,83,2,3.4,1,0,0,0,0,0,1,0.5057,1
46,21,71,4,1.9,3,0,0,0,0,0,0,0.0,0
40,14,59,3,0.5,3,0,0,0,1,0,0,0.0,0
28,2,9,1,0.1,2,0,0,0,1,0,0,0.004,0
48,22,83,2,2.4,2,0,0,0,1,0,0,0.0284,0
36,11,44,2,1.1,2,85,0,0,1,0,0,0.0038,0
42,15,73,3,2.33,2,0,0,0,0,0,0,0.0022,0
64,40,92,2,0.0,3,185,1,0,1,0,0,0.0326,0
59,33,111,3,4.4,1,0,0,0,1,0,0,0.6036,1
27,3,110,2,0.2,1,294,1,0,0,1,0,0.1198,0
62,36,135,2,5.2,2,0,0,0,1,0,1,0.9909,1
56,31,68,2,0.0,3,0,1,0,1,0,0,0.0077,0
34,8,34,2,2.0,3,0,1,0,1,0,0,0.0069,0
39,15,41,2,1.7,1,0,0,0,0,0,0,0.0,0
29,5,85,3,2.5,1,0,0,0,1,1,0,0.0076,0
52,26,54,2,1.5,2,0,0,0,0,1,0,0.0047,0
52,27,43,4,0.2,2,0,0,0,1,0,0,0.0,0
40,16,85,4,0.2,3,0,0,0,1,1,0,0.0078,0
58,33,95,1,2.6,1,0,0,0,1,0,0,0.0258,0
49,19,169,3,5.67,3,167,0,1,0,1,1,0.986,1
29,2,31,4,1.5,2,0,0,0,0,0,0,0.0,0
51,26,28,4,0.2,2,0,1,0,1,0,0,0.0,0
55,30,54,3,1.7,1,0,0,0,1,0,0,0.0,0
54,27,43,3,1.0,2,169,0,0,0,0,0,0.0014,0
41,16,15,2,0.3,2,83,0,0,0,0,0,0.0021,0
51,26,98,1,1.3,3,0,0,0,1,1,0,0.1229,0
28,3,51,2,1.6,3,123,0,0,0,0,0,0.0057,0
45,21,183,2,1.4,1,0,0,0,1,1,0,0.0403,0
53,27,63,2,0.8,3,0,1,0,1,0,0,0.0054,0
35,11,14,4,1.0,1,0,0,1,1,1,0,0.0426,0
65,40,71,3,2.2,1,0,0,0,0,1,0,0.0225,0
60,34,22,3,0.3,3,139,0,0,1,1,0,0.0015,0
39,13,81,2,2.8,1,0,0,0,1,0,0,0.0018,0
49,23,22,1,0.3,3,0,0,0,0,0,0,0.0,0
52,28,44,3,1.9,2,0,0,0,0,1,0,0.0082,0
35,8,48,2,1.0,2,0,0,0,1,0,0,0.0,0
36,11,23,4,0.2,3,0,0,0,1,0,0,0.0017,0
57,27,73,1,3.0,3,0,0,0,0,0,0,0.0969,0
50,24,91,1,0.8,3,0,0,0,1,0,0,0.0115,0
64,40,41,4,1.2,2,0,0,0,1,0,0,0.0021,0
36,12,84,1,0.8,2,0,0,0,1,1,0,0.0094,0
55,31,90,1,2.7,2,0,0,0,1,1,0,0.0114,0
39,14,128,2,3.9,1,196,0,0,1,0,0,0.0617,0
45,19,91,2,1.7,2,0,1,0,1,0,0,0.019,0
44,18,14,2,0.1,3,98,0,0,0,1,0,0.0021,0
59,35,11,2,1.0,1,0,0,0,0,1,0,0.0,0
48,23,75,4,3.6,3,0,0,0,1,1,0,0.1278,0
34,8,35,4,0.8,1,137,0,1,1,1,0,0.0411,0
33,9,73,4,3.4,1,140,0,0,1,0,0,0.3413,0
40,14,53,3,0.5,3,0,1,1,1,1,0,0.038,0
57,32,23,2,0.2,3,0,0,0,0,0,0,0.0039,0
41,14,9,3,1.0,2,0,0,0,0,0,0,0.0,0
31,7,71,1,0.1,1,78,1,0,0,0,0,0.0038,0
48,22,120,1,0.0,1,0,0,0,1,0,0,0.0235,0
60,34,64,3,2.2,3,0,0,0,0,0,0,0.0041,0
61,37,45,1,0.8,1,0,0,0,0,0,0,0.0,0
65,40,80,1,0.8,3,0,0,0,1,0,0,0.0026,0
50,23,25,1,0.5,2,0,0,0,1,0,0,0.0012,0
40,16,29,1,2.0,2,0,0,0,1,0,0,0.0017,0
29,4,134,2,3.3,1,204,0,0,0,0,0,0.1051,0
35,8,45,4,1.0,2,0,0,0,0,1,0,0.0048,0
47,21,24,2,0.1,3,0,0,0,0,1,0,0.0,0
53,28,192,2,6.4,3,0,0,0,0,0,1,0.986,1
48,22,83,2,0.4,3,248,0,0,1,0,0,0.0246,0
41,16,115,1,7.0,1,0,0,0,0,0,0,0.0082,0
46,20,18,1,0.2,1,0,0,0,1,1,0,0.0,0
41,16,65,3,0.5,3,0,0,0,1,0,0,0.0017,0
61,36,184,4,2.3,2,342,0,1,1,1,1,0.9456,1
39,13,88,4,1.4,2,0,0,0,1,1,0,0.0019,0
24,1,39,2,1.7,2,0,0,0,0,0,0,0.0,0
45,20,154,2,2.8,1,0,1,0,1,0,0,0.0631,0
54,29,60,4,3.8,2,0,0,0,1,1,0,0.0798,0
36,12,65,3,2.6,2,0,0,0,1,0,0,0.033,0
43,19,130,2,4.7,3,221,0,0,0,1,1,0.8819,1
48,23,48,1,0.3,1,0,0,0,0,0,0,0.0,0
53,27,65,1,2.2,3,0,0,0,1,1,0,0.0036,0
62,36,69,2,1.7,3,0,0,0,1,0,0,0.0026,0
57,32,42,3,0.5,2,0,1,0,1,0,0,0.0008,0
25,1,113,2,0.2,1,0,0,0,1,1,0,0.0129,0
32,7,101,4,2.2,2,0,0,0,1,0,0,0.1225,0
63,37,191,2,4.3,3,205,0,0,0,0,1,0.964,1
31,5,28,1,0.3,1,0,0,0,1,1,0,0.0,0
49,25,30,4,0.9,2,0,0,0,0,1,0,0.0076,0
31,5,115,2,1.5,3,189,0,0,1,0,0,0.7833,1
34,9,75,1,2.8,1,194,0,0,0,0,0,0.0102,0
38,12,43,4,1.2,2,0,0,0,0,1,0,0.0097,0
31,5,28,3,1.0,1,0,0,0,1,0,0,0.0,0
57,32,39,4,0.9,1,147,0,0,0,0,0,0.0049,0
63,38,110,3,1.8,2,109,0,0,1,0,0,0.3177,0
43,18,30,1,0.5,3,0,0,0,1,0,0,0.0,0
38,13,191,2,3.0,1,0,0,0,1,0,0,0.0467,0
56,30,55,1,1.4,1,77,0,0,1,0,0,0.0,0
34,9,141,3,6.9,2,260,0,0,1,0,1,0.9818,1
57,32,38,2,2.1,3,0,0,0,0,0,0,0.0035,0
41,17,38,4,2.2,2,180,0,0,0,1,0,0.0065,0
35,11,40,1,2.4,2,0,0,0,1,0,0,0.002,0
